user_query,output,timestamp
tÃ´i muá»‘n cÃ´ng viá»‡c cá»§a HÃ  ná»™i,"ğŸ”¹ **NhÃ¢n viÃªn Há»— trá»£ KhÃ¡ch hÃ ng** táº¡i **MegaMart Online** (TP. Há»“ ChÃ­ Minh)
ğŸ’° 7-10 triá»‡u VND
ğŸ“„ Tiáº¿p nháº­n vÃ  giáº£i Ä‘Ã¡p tháº¯c máº¯c, yÃªu cáº§u há»— trá»£ cá»§a khÃ¡ch hÃ ng qua Ä‘iá»‡n thoáº¡i, email, chat.
ğŸŒ https://www.megamart-example.vn


ğŸ”¹ **Data Analyst** táº¡i **MegaMart Online** (TP. Há»“ ChÃ­ Minh)
ğŸ’° 16-30 triá»‡u VND
ğŸ“„ PhÃ¢n tÃ­ch dá»¯ liá»‡u kinh doanh vÃ  khÃ¡ch hÃ ng Ä‘á»ƒ Ä‘Æ°a ra insights, xÃ¢y dá»±ng bÃ¡o cÃ¡o.
ğŸŒ https://www.megamart-example.vn


ğŸ”¹ **Thá»±c táº­p sinh PhÃ¡t triá»ƒn Pháº§n má»m (Intern)** táº¡i **ABC Solutions** (HÃ  Ná»™i)
ğŸ’° Há»— trá»£ thá»±c táº­p (3-5 triá»‡u VND)
ğŸ“„ CÆ¡ há»™i há»c há»i vÃ  tham gia vÃ o cÃ¡c dá»± Ã¡n thá»±c táº¿ dÆ°á»›i sá»± hÆ°á»›ng dáº«n.
ğŸŒ https://www.abcsolutions-example.com",2025-05-05 11:18:01.017623
